{
  "homography": [
    [
      0.9152171713177114,
      0.40590612433997186,
      35.684094174200936
    ],
    [
      -0.017090855471907862,
      -0.4850809932473121,
      77.1800014320691
    ],
    [
      -1.8477335725158915e-05,
      0.0006572589738213577,
      1.0
    ]
  ],
  "scale": 2.608607174428079,
  "objects": [
    {
      "name": "tangram_square",
      "class_id": 1,
      "pose": {
        "rotation_degrees": -167.57569511162413,
        "translation": [
          679.3667238396331,
          -359.13566693885394
        ]
      },
      "vertices": [
        [
          706.6946365458706,
          -407.8921870374041
        ],
        [
          621.9742223127796,
          -462.0247157523012
        ],
        [
          677.0888375354324,
          -548.2890604360462
        ],
        [
          761.8117961762291,
          -494.15709494824756
        ]
      ]
    },
    {
      "name": "tangram_triangle_sml",
      "class_id": 5,
      "pose": {
        "rotation_degrees": 101.75023817943561,
        "translation": [
          538.9412525567337,
          -651.2172160751459
        ]
      },
      "vertices": [
        [
          614.9678635235236,
          -477.85575401636055
        ],
        [
          585.2188743335166,
          -620.8765527930096
        ],
        [
          671.6063197057372,
          -564.2411787004064
        ]
      ]
    },
    {
      "name": "tangram_triangle_sml2",
      "class_id": 6,
      "pose": {
        "rotation_degrees": 11.921996174723423,
        "translation": [
          675.3153516238326,
          -745.8927314231306
        ]
      },
      "vertices": [
        [
          678.3798194085333,
          -554.5793956097325
        ],
        [
          734.7590627795872,
          -641.1342199382419
        ],
        [
          764.9392095291595,
          -498.2037823487732
        ]
      ]
    },
    {
      "name": "tangram_parallelogram",
      "class_id": 0,
      "pose": {
        "rotation_degrees": 171.4054818840159,
        "translation": [
          317.9763203059662,
          -169.45776155814846
        ]
      },
      "vertices": [
        [
          570.4449434985991,
          -94.36492157903523
        ],
        [
          426.00849879762745,
          -116.19474498150126
        ],
        [
          366.89248186945804,
          -196.3617002053639
        ],
        [
          511.32892657042953,
          -174.53187680289784
        ]
      ]
    },
    {
      "name": "tangram_triangle_lrg",
      "class_id": 2,
      "pose": {
        "rotation_degrees": 99.69969586355657,
        "translation": [
          444.52268858983916,
          -332.8656753734616
        ]
      },
      "vertices": [
        [
          584.273400964216,
          -242.95603087737604
        ],
        [
          701.5248887450051,
          -408.5543848956202
        ],
        [
          749.8717524111446,
          -125.70454265707792
        ]
      ]
    },
    {
      "name": "tangram_triangle_med",
      "class_id": 4,
      "pose": {
        "rotation_degrees": -35.65153604603232,
        "translation": [
          786.5281399846356,
          -282.6683475883671
        ]
      },
      "vertices": [
        [
          720.9047022644606,
          -374.68351148368345
        ],
        [
          835.3702819627363,
          -292.5783740522771
        ],
        [
          753.2651445313298,
          -178.11279435400144
        ]
      ]
    },
    {
      "name": "tangram_triangle_lrg2",
      "class_id": 3,
      "pose": {
        "rotation_degrees": -130.74883378677828,
        "translation": [
          571.3194274847178,
          75.95307379904575
        ]
      },
      "vertices": [
        [
          761.3607008026593,
          -104.64207340888835
        ],
        [
          559.013252157192,
          -89.6009209586848
        ],
        [
          543.9720980042349,
          -291.9483676279279
        ]
      ]
    }
  ]
}