{
  "homography": [
    [
      0.8401566218764231,
      0.3963290294415326,
      47.17567858381813
    ],
    [
      -0.06853355413011458,
      -0.47246337861342536,
      99.0541360503469
    ],
    [
      -9.053916996523402e-05,
      0.0006452580480883748,
      1.0
    ]
  ],
  "scale": 2.49251990123514,
  "objects": [
    {
      "name": "tangram_square",
      "class_id": 1,
      "pose": {
        "rotation_degrees": -166.91746249905526,
        "translation": [
          686.1849318494237,
          -364.83434804174203
        ]
      },
      "vertices": [
        [
          711.7597924508727,
          -411.718023227021
        ],
        [
          630.2207128505255,
          -462.50819083670115
        ],
        [
          681.9322531221678,
          -545.5331763169652
        ],
        [
          763.4737575570437,
          -494.74357476389093
        ]
      ]
    },
    {
      "name": "tangram_triangle_sml",
      "class_id": 5,
      "pose": {
        "rotation_degrees": 102.18041664831047,
        "translation": [
          549.202631246273,
          -642.865554461072
        ]
      },
      "vertices": [
        [
          623.0875546084102,
          -477.7690319602045
        ],
        [
          593.6372362667602,
          -614.2079056950402
        ],
        [
          676.5842662770541,
          -560.7141533710906
        ]
      ]
    },
    {
      "name": "tangram_triangle_sml2",
      "class_id": 6,
      "pose": {
        "rotation_degrees": 12.222744152479459,
        "translation": [
          679.7591108078996,
          -734.9248628402366
        ]
      },
      "vertices": [
        [
          683.6466827884406,
          -552.1431703516616
        ],
        [
          737.0821062344572,
          -635.127790579091
        ],
        [
          766.6356473561343,
          -498.7112383215407
        ]
      ]
    },
    {
      "name": "tangram_parallelogram",
      "class_id": 0,
      "pose": {
        "rotation_degrees": 167.97207071177968,
        "translation": [
          324.4059516561891,
          -182.2939832469176
        ]
      },
      "vertices": [
        [
          560.9092506095631,
          -96.22458775900111
        ],
        [
          424.39735406343084,
          -125.31064461883665
        ],
        [
          372.6009038378234,
          -205.15536518236414
        ],
        [
          509.11280038395574,
          -176.06930832252857
        ]
      ]
    },
    {
      "name": "tangram_triangle_lrg",
      "class_id": 2,
      "pose": {
        "rotation_degrees": 101.22530910892031,
        "translation": [
          456.65009021452096,
          -340.7195798998956
        ]
      },
      "vertices": [
        [
          592.4215477499135,
          -258.39663554356736
        ],
        [
          700.2027792558988,
          -419.55226768063176
        ],
        [
          753.5771774421416,
          -150.6154035523691
        ]
      ]
    },
    {
      "name": "tangram_triangle_lrg2",
      "class_id": 3,
      "pose": {
        "rotation_degrees": -125.5145869178989,
        "translation": [
          604.985697308476,
          63.938120871369414
        ]
      },
      "vertices": [
        [
          770.0705023302448,
          -124.466212495315
        ],
        [
          578.8451825134099,
          -92.51611554095825
        ],
        [
          546.8950841111229,
          -283.74143332896267
        ]
      ]
    },
    {
      "name": "tangram_triangle_med",
      "class_id": 4,
      "pose": {
        "rotation_degrees": -36.85881844830036,
        "translation": [
          797.7640076183021,
          -293.8050362148552
        ]
      },
      "vertices": [
        [
          736.9272761576332,
          -383.02698045761656
        ],
        [
          844.6217421712342,
          -302.28866484630674
        ],
        [
          763.8834265599244,
          -194.59419883270573
        ]
      ]
    }
  ]
}