{
  "homography": [
    [
      1.009113277584917,
      -0.013434290703357697,
      5.322116794314945e-06
    ],
    [
      0.0015949573626345662,
      -0.9868356774832466,
      4.158678928471985e-06
    ],
    [
      2.0070521488686167e-05,
      -3.743743023449784e-06,
      1.0
    ]
  ],
  "scale": 2.5626990642691125,
  "objects": [
    {
      "name": "tangram_square",
      "class_id": 1,
      "pose": {
        "rotation_degrees": -170.06594061857868,
        "translation": [
          683.4087251802625,
          -293.82652145913255
        ]
      },
      "vertices": [
        [
          712.3115035591778,
          -340.51327381334244
        ],
        [
          631.4712860959912,
          -397.2591799524382
        ],
        [
          689.2469862932011,
          -479.5728042933009
        ],
        [
          770.0897250663949,
          -422.82734233955273
        ]
      ]
    },
    {
      "name": "tangram_triangle_sml",
      "class_id": 5,
      "pose": {
        "rotation_degrees": 102.69960253568311,
        "translation": [
          488.9251524863428,
          -675.473152370402
        ]
      },
      "vertices": [
        [
          566.4253777391303,
          -506.423505807028
        ],
        [
          534.8759678470208,
          -646.4238065947827
        ],
        [
          620.6533206923187,
          -592.1989239658973
        ]
      ]
    },
    {
      "name": "tangram_triangle_sml2",
      "class_id": 6,
      "pose": {
        "rotation_degrees": 7.658223651699608,
        "translation": [
          712.1372627846546,
          -821.3975724107358
        ]
      },
      "vertices": [
        [
          701.1659855701414,
          -633.7474471548685
        ],
        [
          762.7216793874684,
          -714.4257533078837
        ],
        [
          781.8490298914882,
          -572.1949762078976
        ]
      ]
    },
    {
      "name": "tangram_parallelogram",
      "class_id": 0,
      "pose": {
        "rotation_degrees": 172.45372697898523,
        "translation": [
          293.6785268691332,
          -182.887429476441
        ]
      },
      "vertices": [
        [
          543.0121156895698,
          -113.66592712395232
        ],
        [
          400.74897896417986,
          -132.51212229740088
        ],
        [
          341.2422579670783,
          -210.19260880742183
        ],
        [
          483.50539469246814,
          -191.34641363397324
        ]
      ]
    },
    {
      "name": "tangram_triangle_lrg",
      "class_id": 2,
      "pose": {
        "rotation_degrees": 99.32773272409639,
        "translation": [
          468.9327123808894,
          -312.7378764046538
        ]
      },
      "vertices": [
        [
          605.6476844690037,
          -223.52110040584506
        ],
        [
          721.8894048143195,
          -385.4539163031483
        ],
        [
          767.5804978374933,
          -107.27937964516326
        ]
      ]
    },
    {
      "name": "tangram_triangle_lrg2",
      "class_id": 3,
      "pose": {
        "rotation_degrees": -122.07029690206372,
        "translation": [
          597.8049110601853,
          60.33114183909107
        ]
      },
      "vertices": [
        [
          755.5935864006701,
          -143.22520185281797
        ],
        [
          561.3128256023557,
          -98.62295530741818
        ],
        [
          516.7105776962669,
          -292.9037139341083
        ]
      ]
    },
    {
      "name": "tangram_triangle_med",
      "class_id": 4,
      "pose": {
        "rotation_degrees": -36.00030312362922,
        "translation": [
          796.3370279376891,
          -257.01885753726276
        ]
      },
      "vertices": [
        [
          732.4199202014044,
          -347.8054251828945
        ],
        [
          844.3779841511375,
          -266.46222539039854
        ],
        [
          763.0347843586416,
          -154.50416144066537
        ]
      ]
    }
  ]
}