{
  "tangram_parallelogram": {
    "type": "parallelogram",
    "color": [255, 58, 0],
    "vertices": [
      [ -72.998001, -13.0 ],
      [ -17.0, -13.0 ],
      [ -44.0, 14.0 ],
      [ -99.998001, 14.0 ]
    ]
  },
  "tangram_square": {
    "type": "square",
    "color": [255, 207, 0],
    "vertices": [
      [ -42.000999, -43.748001 ],
      [ -14.748, -71.000999 ],
      [ 13.0, -43.251999 ],
      [ -14.252, -15.999 ]
    ]
  },
  "tangram_triangle_lrg": {
    "type": "triangle",
    "color": [0, 2, 204],
    "vertices": [
      [ -98.000999, -102.000999 ],
      [ 12.001, -102.000999 ],
      [ -43.0, -47.0 ]
    ]
  },
  "tangram_triangle_lrg2": {
    "type": "triangle",
    "color": [255, 0, 3],
    "vertices": [
      [ -100.000999, -100.000999 ],
      [ -45.0, -45.0 ],
      [ -100.000999, 10.001 ]
    ]
  },
  "tangram_triangle_med": {
    "type": "triangle",
    "color": [1, 90, 0],
    "vertices": [
      [ 13.0, -40.000999 ],
      [ 13.0, 14.0 ],
      [ -41.000999, 14.0 ]
    ]
  },
  "tangram_triangle_sml": {
    "type": "triangle",
    "color": [0, 72, 85],
    "vertices": [
      [ -43.0, -43.000999 ],
      [ -15.0, -15.0 ],
      [ -71.0, -15.0 ]
    ]
  },
  "tangram_triangle_sml2": {
    "type": "triangle",
    "color": [81, 0, 36],
    "vertices": [
      [ 14.001, -100.0 ],
      [ 14.0, -44.0 ],
      [ -14.001, -72.0 ]
    ]
  }
}