{
  "homography": [
    [
      0.9151934021065214,
      0.4129096920596566,
      48.53264023205411
    ],
    [
      0.028123259794732222,
      -0.4848948339330144,
      70.23001436765432
    ],
    [
      7.594766420624337e-06,
      0.000722307768810401,
      1.0
    ]
  ],
  "scale": 2.8190987423182827,
  "objects": [
    {
      "name": "tangram_parallelogram",
      "class_id": 0,
      "pose": {
        "rotation_degrees": 34.979919478861305,
        "translation": [
          734.5585954652303,
          -211.26795717840952
        ]
      },
      "vertices": [
        [
          653.9358342771966,
          -110.12907159631958
        ],
        [
          524.5895764533135,
          -19.627388317813228
        ],
        [
          543.318879178337,
          -125.62928666708669
        ],
        [
          672.6651370022201,
          -216.13096994559305
        ]
      ]
    },
    {
      "name": "tangram_triangle_med",
      "class_id": 4,
      "pose": {
        "rotation_degrees": 131.36879814246677,
        "translation": [
          518.6251962597579,
          -271.6428429691156
        ]
      },
      "vertices": [
        [
          565.3971432661393,
          -158.81487051552614
        ],
        [
          464.7850959783006,
          -273.06219813816693
        ],
        [
          579.0324236009415,
          -373.6742454260057
        ]
      ]
    },
    {
      "name": "tangram_square",
      "class_id": 1,
      "pose": {
        "rotation_degrees": -170.17041478076905,
        "translation": [
          339.5782229214846,
          -107.48358742080232
        ]
      },
      "vertices": [
        [
          371.4663365557774,
          -158.78331911480953
        ],
        [
          282.6519753845724,
          -221.36873907273062
        ],
        [
          346.3731745054393,
          -311.80185411262346
        ],
        [
          435.1903101316869,
          -249.21691772289273
        ]
      ]
    },
    {
      "name": "tangram_triangle_sml2",
      "class_id": 6,
      "pose": {
        "rotation_degrees": -169.2049898065808,
        "translation": [
          316.24648217289575,
          35.30155595578658
        ]
      },
      "vertices": [
        [
          317.001822851151,
          -171.47421951417323
        ],
        [
          254.24530011318734,
          -79.15164321304437
        ],
        [
          224.67423613379225,
          -234.2269170308627
        ]
      ]
    },
    {
      "name": "tangram_triangle_lrg2",
      "class_id": 3,
      "pose": {
        "rotation_degrees": -7.677656178767585,
        "translation": [
          913.7787306547017,
          -431.98454081853004
        ]
      },
      "vertices": [
        [
          638.1599661963787,
          -497.58905648689057
        ],
        [
          771.1081486361896,
          -323.2107306057396
        ],
        [
          596.7298255488653,
          -190.26254778929786
        ]
      ]
    },
    {
      "name": "tangram_triangle_sml",
      "class_id": 5,
      "pose": {
        "rotation_degrees": -170.6040667602454,
        "translation": [
          158.62503870587648,
          -241.87280903181664
        ]
      },
      "vertices": [
        [
          349.19218759667285,
          -316.26862122291936
        ],
        [
          193.44067482980375,
          -290.4954833187121
        ],
        [
          258.4294024867639,
          -381.260587149987
        ]
      ]
    },
    {
      "name": "tangram_triangle_lrg",
      "class_id": 2,
      "pose": {
        "rotation_degrees": -169.08727857785442,
        "translation": [
          348.7465916286261,
          -95.18207010911317
        ]
      },
      "vertices": [
        [
          442.6921705390763,
          -248.2325307638953
        ],
        [
          261.08912729750705,
          -371.12823628920177
        ],
        [
          565.5878765980762,
          -429.8355712373444
        ]
      ]
    }
  ]
}